1,chandail pour femme,chandail pour femme,9.99,10,image1.png,false
3,T-shirt Noir Logo Dino,T-shirt en coton biologique unisexe,25.99,14,image3.png,false
4,Polo Unisexe,Polo Unisexe,45.50,8,image4.png,false
5,Chaussures de sport,Chaussures de course légères,79.99,5,image5.png,false
6,Veste d'hiver,Veste isolée imperméable,120.00,3,image6.png,false
7,Casquette ajustable,Casquette avec logo brodé,15.99,20,image7.png,false
8,Sac à dos,Sac à dos étanche avec compartiment pour ordinateur,65.00,7,image8.png,false
9,Écharpe en laine,Écharpe douce et chaude pour l'hiver,22.50,12,image9.png,false
10,Ceinture en cuir,Ceinture en cuir véritable avec boucle métallique,29.99,10,image10.png,false
11,Lunettes de soleil,Lunettes de soleil polarisées protection UV,49.95,6,image11.png,false
12,Montre analogique,Montre élégante avec bracelet en acier inoxydable,85.00,4,image12.png,false
13,Chandail Pour Homme,Chandail Pour Homme,10.00,1,image2.png,true
